use pokemondb;

/*Borrado de tablas*/
drop table if exists tipo;
drop table if exists pokemon;
drop table if exists pokemon_tipo;

/*Tablas*/

Create table if not exists pokemon  (
	numero_pokedex int primary key AUTO_INCREMENT,
    nombre varchar(15) not null,
    peso real not null,
    altura real not null
) ENGINE=InnoDB DEFAULT CHARSET=utf8 COLLATE=utf8_general_ci;

Create table if not exists tipo (
	id_tipo int primary key AUTO_INCREMENT, 
    nombre varchar(10) not null,
    descripcion varchar(1000) not null
) ENGINE=InnoDB DEFAULT CHARSET=utf8 COLLATE=utf8_general_ci;

Create table if not exists pokemon_tipo  (
	numero_pokedex int not null,
    id_tipo int not null,
    primary key(numero_pokedex, id_tipo),
    foreign key (numero_pokedex) references pokemon(numero_pokedex) ON DELETE CASCADE ON UPDATE CASCADE,
    foreign key (id_tipo) references tipo(id_tipo) ON DELETE CASCADE ON UPDATE CASCADE
) ENGINE=InnoDB DEFAULT CHARSET=utf8 COLLATE=utf8_general_ci;

/*Tipos*/
insert into tipo values (1, 'Agua', 'Se dice que es puro y que suele adaptarse a cualquier situación o condición climática, ya que el agua puede adoptar cualquier forma en cualquier momento');
insert into tipo values (2, 'Bicho', 'Este grupo de Pokémon se caracteriza por su crecimiento rápido ya que no tardan mucho en evolucionar, viven primordialmente en los bosques y zonas cercanas a estos, algunos son un poco más difíciles de divisar debido a que se encuentran en copas de árboles donde anidan.');
insert into tipo values (3, 'Dragón', 'Se caracterizan por ser difíciles de atrapar y entrenar. Interesante es el hecho de que muchos Pokémon del tipo dragón llegan a superar las estadísticas comunes.');
insert into tipo values (4, 'Eléctrico', 'Los Pokémon de tipo eléctrico tienen hábitats variados, desde bosques, praderas, ciudades y centrales eléctricas. Los Pokémon de tipo eléctrico almacenan electricidad estática en sus cuerpos y luego la liberan en forma de un ataque como Rayo por diferentes partes.');
insert into tipo values (5, 'Fantasma', 'Los Pokémon que pertenecen al tipo fantasma generalmente se relacionan con el terror, lo oscuro y el más allá. Suelen vivir en casas abandonadas, cementerios, torres fúnebres y lugares oscuros e inhabitados. Gran parte de estos Pokémon esbozan una sonrisa siniestra y tenebrosa. Otra característica de los Pokémon fantasma es que son extremadamente traviesos y les encanta jugarles bromas pesadas a los humanos y otros Pokémon.');
insert into tipo values (6, 'Fuego', 'Los Pokémon de tipo fuego basan sus ataques principalmente en el control de este elemento y la mayoría de estos ataques pueden quemar al Pokémon oponente. Son apasionados y algunos de mal carácter, viven en cuevas o zonas rocosas y muy áridas, y más probable aún cerca de volcanes activos. ');
insert into tipo values (7, 'Hielo', 'Destacan por su gran resistencia y adaptación al medio frío o glaciar, como son las cimas de las montañas, las cavernas y cuevas heladas o incluso los polos. Tienen la capacidad de congelar al enemigo en combate. Además pueden realizar ataques devastadores como frío polar.');
insert into tipo values (8, 'Lucha', 'Este tipo de Pokémon son especialistas en el combate cuerpo a cuerpo. Se podría decir que son opuestos a los del tipo psíquico, ya que estos últimos dependen del ataque especial mientras que los del tipo lucha se especializan en ataque físico.');
insert into tipo values (9, 'Normal', 'Los tipos normal son los más diversos entre los Pokémon, con estadísticas variadas, desarrollos y requerimientos para sus evoluciones diferentes para cada uno, al igual que diferir en las zonas donde se pueden capturar, desde bosques, cuevas, montañas, ciudades, etc.');
insert into tipo values (10, 'Planta', 'Los Pokémon de tipo planta suelen ser pacíficos y les gusta cuidar de las flores y a los demás, pero también son grandes luchadores y pueden envenenar, paralizar o dormir al rival en combate.Normalmente su cuerpo suele ser igual a alguna especie vegetal, en cuyo caso el Pokémon crece en un desarrollo muy similar a un vegetal.');
insert into tipo values (11, 'Psíquico', 'Los Pokémon de este tipo suelen ser muy inteligentes y a menudo se les atribuye capacidades como prever acciones futuras, hacer levitar objetos o incluso a ellos mismos. Se puede localizar a este tipo de Pokémon en cuevas o zonas cercanas a estas.');
insert into tipo values (12, 'Roca', 'El tipo roca destaca por su gran defensa frente a ataques físicos. Sin embargo, tiene en su contra que presenta varias debilidades con respecto a otros tipos, y los Pokémon de este tipo no se caracterizan por ser muy veloces. Cabe destacar que la mayoría de los movimientos de tipo roca poseen baja precisión a la hora de atacar.');
insert into tipo values (13, 'Tierra', 'Los Pokémon de este tipo tienen temor al tipo agua, igual que los de tipo roca. Estos Pokémon se pueden hallar en cuevas o zonas rocosas. Los Pokémon de tipo tierra destacan por ser inmunes ante ataques tipo eléctrico. Son buenos combatientes y poseen ataques sumamente devastadores, como fisura y terremoto entre otros.');
insert into tipo values (14, 'Veneno', 'Pertenece a Pokémon que suelen encontrarse en zonas donde hay cuevas, pantanos o en sus cercanías, excepto en los Pokémon que tienen como primer tipo el tipo planta o tipo bicho. La mayoría de movimientos de tipo veneno pueden envenenar.');
insert into tipo values (15, 'Volador', 'Los Pokémon de tipo volador son rápidos y con ataques que normalmente son de contacto físico, o en los que utilizan el viento a su favor. Son inmunes al tipo tierra, puesto que al volar los ataques de este tipo no les afectan.');

/*Pokemon*/

insert into pokemon values (1, 'Bulbasaur', 6.9, 0.7);
insert into pokemon values (2, 'Ivysaur', 13,1);
insert into pokemon values (3, 'Venasaur', 100, 2);
insert into pokemon values (4, 'Charmander', 8.5, 0.6);
insert into pokemon values (5, 'Charmeleon', 19, 1.1);
insert into pokemon values (6, 'Charizard', 90.5, 1.7);
insert into pokemon values (7, 'Squirtle', 9, 0.5);
insert into pokemon values (8, 'Wartortle', 22.5, 1);
insert into pokemon values (9, 'Blastoise', 85.5, 1.6);
insert into pokemon values (10, 'Caperpie', 2.9, 0.3);
insert into pokemon values (11, 'Metapod', 9.9, 0.7);
insert into pokemon values (12, 'Butterfree', 32,1.1);
insert into pokemon values (13, 'Weedle', 3.2,0.3);
insert into pokemon values (14, 'Kakuna', 10,0.6);
insert into pokemon values (15, 'Beedrill', 29.5,1.0);
insert into pokemon values (16, 'Pidgey', 1.8,0.3);
insert into pokemon values (17, 'Pidgeotto', 30,1.1);
insert into pokemon values (18, 'Pidgeot', 39.5,1.5);
insert into pokemon values (19, 'Rattata', 3.5,0.3);
insert into pokemon values (20, 'Raticate', 18.5,0.7);
insert into pokemon values (21, 'Spearow', 2,0.3);
insert into pokemon values (22, 'Fearow', 38,1.2);
insert into pokemon values (23, 'Ekans', 6.9,2);
insert into pokemon values (24, 'Arbok', 65,3.5);
insert into pokemon values (25, 'Pikachu', 6,0.4);
insert into pokemon values (26, 'Raichu', 30,0.8);
insert into pokemon values (27, 'Sandshrew', 12,0.6);
insert into pokemon values (28, 'Sandslash', 29.5,1);
insert into pokemon values (29, 'Nidoran♀', 7,0.4);
insert into pokemon values (30, 'Nidorina', 20,0.8);
insert into pokemon values (31, 'Nidoqueen', 60,1.3);
insert into pokemon values (32, 'Nidoran♂', 9,0.5);
insert into pokemon values (33, 'Nidorino', 19.5,0.9);
insert into pokemon values (34, 'Nidoking', 62,1.4);
insert into pokemon values (35, 'Clefairy', 7.5,0.6);
insert into pokemon values (36, 'Clefable', 40,1.3);
insert into pokemon values (37, 'Vulpix', 9.9,0.6);
insert into pokemon values (38, 'Ninetales', 19.9,1.1);
insert into pokemon values (39, 'Jigglypuff', 5.5,0.5);
insert into pokemon values (40, 'Wigglytuff', 12,1);
insert into pokemon values (41, 'Zubat', 7.5,0.8);
insert into pokemon values (42, 'Golbat', 55,1.6);
insert into pokemon values (43, 'Oddish', 5.4,0.5);
insert into pokemon values (44, 'Gloom', 8.6,0.8);
insert into pokemon values (45, 'Vileplume', 18.6,1.2);
insert into pokemon values (46, 'Paras', 5.4,0.3);
insert into pokemon values (47, 'Parasect', 29.5,1);
insert into pokemon values (48, 'Venonat', 30,1);
insert into pokemon values (49, 'Venomoth', 12.5,1.5);
insert into pokemon values (50, 'Digglet', 0.8,0.2);
insert into pokemon values (51, 'Dugtrio', 33.3,0.7);
insert into pokemon values (52, 'Meowth', 4.2,0.4);
insert into pokemon values (53, 'Persian', 32,1);
insert into pokemon values (54, 'Psyduck', 19.6,0.8);
insert into pokemon values (55, 'Golduck',  76.6,1.7);
insert into pokemon values (56, 'Mankey', 28, 0.5);
insert into pokemon values (57, 'Primeape', 32,1);
insert into pokemon values (58, 'Growlithe', 19,0.7);
insert into pokemon values (59, 'Arcanine', 155,1.9);
insert into pokemon values (60, 'Poliwag', 12.4,0.6);
insert into pokemon values (61, 'Poliwhirl', 20,1);
insert into pokemon values (62, 'Poliwrath', 54,1.3);
insert into pokemon values (63, 'Abra', 19.5,0.9);
insert into pokemon values (64, 'Kadabra', 56.5,1.3);
insert into pokemon values (65, 'Alakazam', 48,1.5);
insert into pokemon values (66, 'Machop', 19.5, 0.8);
insert into pokemon values (67, 'Mackoke', 70.5, 1.5);
insert into pokemon values (68, 'Machamp', 130,1.6);
insert into pokemon values (69, 'Bellsprout', 4.0,0.7);
insert into pokemon values (70, 'Weepinbell', 6.4,1);
insert into pokemon values (71, 'Victreebel', 15.5,1.7);
insert into pokemon values (72, 'Tentacool', 45.5,0.9);
insert into pokemon values (73, 'Tentacruel', 55,1.6);
insert into pokemon values (74, 'Geodude', 20,0.4);
insert into pokemon values (75, 'Graveler', 105,1);
insert into pokemon values (76, 'Golem', 300,1.4);
insert into pokemon values (77, 'Ponyta', 30,1);
insert into pokemon values (78, 'Rapidash', 95,1.7);
insert into pokemon values (79, 'Slowpoke', 36,1.2);
insert into pokemon values (80, 'Slowbro', 78.5,1.6);
insert into pokemon values (81, 'Magnemite', 6.0,0.3);
insert into pokemon values (82, 'Magneton', 60,1);
insert into pokemon values (83, 'Farfetchd', 15,0.8);
insert into pokemon values (84, 'Doduo', 39.2,1.4);
insert into pokemon values (85, 'Dodrio', 85.2,1.8);
insert into pokemon values (86, 'Seel', 90,1.1);
insert into pokemon values (87, 'Dewgong', 120,1.7);
insert into pokemon values (88, 'Grimer', 30,0.9);
insert into pokemon values (89, 'Muk', 30,1.2);
insert into pokemon values (90, 'Shellder', 4,0.3);
insert into pokemon values (91, 'Cloyster', 132.5,1.5);
insert into pokemon values (92, 'Gastly', 0.1,1.3);
insert into pokemon values (93, 'Haunter', 0.1,1.6);
insert into pokemon values (94, 'Gengar', 40.5,1.5);
insert into pokemon values (95, 'Onix', 210,8.8);
insert into pokemon values (96, 'Drowzee', 32.4,1);
insert into pokemon values (97, 'Hypno', 75.6,1.6);
insert into pokemon values (98, 'Krabby', 6.5,0.4);
insert into pokemon values (99, 'Kingler', 60,1.3);
insert into pokemon values (100, 'Voltorb', 10.4,0.5);
insert into pokemon values (101, 'Electrode', 66.6,1.2);
insert into pokemon values (102, 'Exeggcute', 2.5,0.4);
insert into pokemon values (103, 'Exeggutor', 120,2);
insert into pokemon values (104, 'Cubone', 6.5,0.4);
insert into pokemon values (105, 'Marowak', 45,1);
insert into pokemon values (106, 'Hitmonlee', 49.8,1.5);
insert into pokemon values (107, 'Hitmonchan', 50.2,1.4);
insert into pokemon values (108, 'Lickitung', 65,1.2);
insert into pokemon values (109, 'Koffing', 1,0.6);
insert into pokemon values (110, 'Weezing', 9.5,1.2);
insert into pokemon values (111, 'Rhyhorn', 115,1);
insert into pokemon values (112, 'Rhydon', 120,1.9);
insert into pokemon values (113, 'Chansey', 34.6,1.1);
insert into pokemon values (114, 'Tangela', 35,1);
insert into pokemon values (115, 'Kangaskhan', 80,2.2);
insert into pokemon values (116, 'Horsea', 8,0.4);
insert into pokemon values (117, 'Seadra', 25,1.2);
insert into pokemon values (118, 'Goldeen', 15,0.6);
insert into pokemon values (119, 'Seaking', 39,1.3);
insert into pokemon values (120, 'Staryu', 34.5,0.8);
insert into pokemon values (121, 'Starmie', 80,1.1);
insert into pokemon values (122, 'Mr. Mime', 54.5,1.3);
insert into pokemon values (123, 'Scyther', 56,1.5);
insert into pokemon values (124, 'Jynx', 40.6,1.4);
insert into pokemon values (125, 'Electabuzz', 30,1.1);
insert into pokemon values (126, 'Magmar', 44.5,1.3);
insert into pokemon values (127, 'Pinsir', 55,1.5);
insert into pokemon values (128, 'Tauros', 88.4,1.4);
insert into pokemon values (129, 'Magikarp', 10,0.9);
insert into pokemon values (130, 'Gyarados', 235,6.5);
insert into pokemon values (131, 'Lapras', 220,2.5);
insert into pokemon values (132, 'Ditto', 4,0.3);
insert into pokemon values (133, 'Eevee', 6.5,0.3);
insert into pokemon values (134, 'Vaporeon', 29,1);
insert into pokemon values (135, 'Jolteon', 24.5,0.8);
insert into pokemon values (136, 'Flareon', 25,0.9);
insert into pokemon values (137, 'Porygon', 36.5,0.8);
insert into pokemon values (138, 'Omanyte', 7.5,04);
insert into pokemon values (139, 'Omastar', 35,1);
insert into pokemon values (140, 'Kabuto', 11.5,0.5);
insert into pokemon values (141, 'Kabutops', 40.5,1.3);
insert into pokemon values (142, 'Aerodactyl', 59,1.8);
insert into pokemon values (143, 'Snorlax', 460,2.1);
insert into pokemon values (144, 'Articuno', 55.4,1.7);
insert into pokemon values (145, 'Zapdos', 52.6,1.6);
insert into pokemon values (146, 'Moltres', 60,2);
insert into pokemon values (147, 'Dratini', 3.3,1.8);
insert into pokemon values (148, 'Dragonair', 16.5,4);
insert into pokemon values (149, 'Dragonite', 210,2.2);
insert into pokemon values (150, 'Mewtwo', 122,2);
insert into pokemon values (151, 'Mew', 4,0.4);

/*Tipos Pokemon*/

insert into pokemon_tipo values (1,10);
insert into pokemon_tipo values (1,14);
insert into pokemon_tipo values (2,10);
insert into pokemon_tipo values (2,14);
insert into pokemon_tipo values (3,10);
insert into pokemon_tipo values (3,14);
insert into pokemon_tipo values (4,6);
insert into pokemon_tipo values (5,6);
insert into pokemon_tipo values (6,6);
insert into pokemon_tipo values (6,15);
insert into pokemon_tipo values (7,1);
insert into pokemon_tipo values (8,1);
insert into pokemon_tipo values (9,1);
insert into pokemon_tipo values (10,2);
insert into pokemon_tipo values (11,2);
insert into pokemon_tipo values (12,2);
insert into pokemon_tipo values (12,15);
insert into pokemon_tipo values (13,2);
insert into pokemon_tipo values (13,14);
insert into pokemon_tipo values (14,2);
insert into pokemon_tipo values (14,14);
insert into pokemon_tipo values (15,2);
insert into pokemon_tipo values (15,14);
insert into pokemon_tipo values (16,9);
insert into pokemon_tipo values (16,15);
insert into pokemon_tipo values (17,9);
insert into pokemon_tipo values (17,15);
insert into pokemon_tipo values (18,9);
insert into pokemon_tipo values (18,15);
insert into pokemon_tipo values (19,9);
insert into pokemon_tipo values (20,9);
insert into pokemon_tipo values (21,9);
insert into pokemon_tipo values (21,15);
insert into pokemon_tipo values (22,9);
insert into pokemon_tipo values (22,15);
insert into pokemon_tipo values (23,14);
insert into pokemon_tipo values (24,14);
insert into pokemon_tipo values (25,4);
insert into pokemon_tipo values (26,4);
insert into pokemon_tipo values (27,13);
insert into pokemon_tipo values (28,13);
insert into pokemon_tipo values (29,14);
insert into pokemon_tipo values (30,14);
insert into pokemon_tipo values (31,14);
insert into pokemon_tipo values (31,13);
insert into pokemon_tipo values (32,14);
insert into pokemon_tipo values (33,14);
insert into pokemon_tipo values (34,14);
insert into pokemon_tipo values (34,13);
insert into pokemon_tipo values (35,9);
insert into pokemon_tipo values (36,9);
insert into pokemon_tipo values (37,6);
insert into pokemon_tipo values (38,6);
insert into pokemon_tipo values (39,9);
insert into pokemon_tipo values (40,9);
insert into pokemon_tipo values (41,14);
insert into pokemon_tipo values (41,15);
insert into pokemon_tipo values (42,14);
insert into pokemon_tipo values (42,15);
insert into pokemon_tipo values (43,10);
insert into pokemon_tipo values (43,14);
insert into pokemon_tipo values (44,10);
insert into pokemon_tipo values (44,14);
insert into pokemon_tipo values (45,10);
insert into pokemon_tipo values (45,14);
insert into pokemon_tipo values (46,2);
insert into pokemon_tipo values (46,10);
insert into pokemon_tipo values (47,2);
insert into pokemon_tipo values (47,10);
insert into pokemon_tipo values (48,2);
insert into pokemon_tipo values (48,14);
insert into pokemon_tipo values (49,2);
insert into pokemon_tipo values (49,14);
insert into pokemon_tipo values (50,13);
insert into pokemon_tipo values (51,13);
insert into pokemon_tipo values (52,9);
insert into pokemon_tipo values (53,9);
insert into pokemon_tipo values (54,1);
insert into pokemon_tipo values (55,1);
insert into pokemon_tipo values (56,8);
insert into pokemon_tipo values (57,8);
insert into pokemon_tipo values (58,6);
insert into pokemon_tipo values (59,6);
insert into pokemon_tipo values (60,1);
insert into pokemon_tipo values (61,1);
insert into pokemon_tipo values (62,1);
insert into pokemon_tipo values (62,8);
insert into pokemon_tipo values (63,11);
insert into pokemon_tipo values (64,12);
insert into pokemon_tipo values (65,13);
insert into pokemon_tipo values (66,8);
insert into pokemon_tipo values (67,8);
insert into pokemon_tipo values (68,8);
insert into pokemon_tipo values (69,10);
insert into pokemon_tipo values (69,14);
insert into pokemon_tipo values (70,10);
insert into pokemon_tipo values (70,14);
insert into pokemon_tipo values (71,10);
insert into pokemon_tipo values (71,14);
insert into pokemon_tipo values (72,1);
insert into pokemon_tipo values (72,14);
insert into pokemon_tipo values (73,1);
insert into pokemon_tipo values (73,14);
insert into pokemon_tipo values (74,12);
insert into pokemon_tipo values (74,13);
insert into pokemon_tipo values (75,12);
insert into pokemon_tipo values (75,13);
insert into pokemon_tipo values (76,12);
insert into pokemon_tipo values (76,13);
insert into pokemon_tipo values (77,6);
insert into pokemon_tipo values (78,6);
insert into pokemon_tipo values (79,1);
insert into pokemon_tipo values (79,11);
insert into pokemon_tipo values (80,1);
insert into pokemon_tipo values (80,11);
insert into pokemon_tipo values (81,4);
insert into pokemon_tipo values (82,4);
insert into pokemon_tipo values (83,9);
insert into pokemon_tipo values (83,15);
insert into pokemon_tipo values (84,9);
insert into pokemon_tipo values (84,15);
insert into pokemon_tipo values (85,9);
insert into pokemon_tipo values (85,15);
insert into pokemon_tipo values (86,1);
insert into pokemon_tipo values (86,7);
insert into pokemon_tipo values (87,1);
insert into pokemon_tipo values (87,7);
insert into pokemon_tipo values (88,14);
insert into pokemon_tipo values (89,14);
insert into pokemon_tipo values (90,1);
insert into pokemon_tipo values (91,1);
insert into pokemon_tipo values (91,7);
insert into pokemon_tipo values (92,5);
insert into pokemon_tipo values (92,14);
insert into pokemon_tipo values (93,5);
insert into pokemon_tipo values (93,14);
insert into pokemon_tipo values (94,5);
insert into pokemon_tipo values (94,14);
insert into pokemon_tipo values (95,12);
insert into pokemon_tipo values (95,13);
insert into pokemon_tipo values (96,11);
insert into pokemon_tipo values (97,11);
insert into pokemon_tipo values (98,1);
insert into pokemon_tipo values (99,1);
insert into pokemon_tipo values (100,4);
insert into pokemon_tipo values (101,4);
insert into pokemon_tipo values (102,10);
insert into pokemon_tipo values (102,11);
insert into pokemon_tipo values (103,10);
insert into pokemon_tipo values (103,11);
insert into pokemon_tipo values (104,13);
insert into pokemon_tipo values (105,13);
insert into pokemon_tipo values (106,8);
insert into pokemon_tipo values (107,8);
insert into pokemon_tipo values (108,9);
insert into pokemon_tipo values (109,14);
insert into pokemon_tipo values (110,14);
insert into pokemon_tipo values (111,12);
insert into pokemon_tipo values (111,13);
insert into pokemon_tipo values (112,12);
insert into pokemon_tipo values (112,13);
insert into pokemon_tipo values (113,9);
insert into pokemon_tipo values (114,10);
insert into pokemon_tipo values (115,9);
insert into pokemon_tipo values (116,1);
insert into pokemon_tipo values (117,1);
insert into pokemon_tipo values (118,1);
insert into pokemon_tipo values (119,1);
insert into pokemon_tipo values (120,1);
insert into pokemon_tipo values (121,1);
insert into pokemon_tipo values (121,11);
insert into pokemon_tipo values (122,11);
insert into pokemon_tipo values (123,2);
insert into pokemon_tipo values (123,15);
insert into pokemon_tipo values (124,7);
insert into pokemon_tipo values (124,11);
insert into pokemon_tipo values (125,4);
insert into pokemon_tipo values (126,6);
insert into pokemon_tipo values (127,2);
insert into pokemon_tipo values (128,9);
insert into pokemon_tipo values (129,1);
insert into pokemon_tipo values (130,1);
insert into pokemon_tipo values (130,15);
insert into pokemon_tipo values (131,1);
insert into pokemon_tipo values (131,7);
insert into pokemon_tipo values (132,9);
insert into pokemon_tipo values (133,9);
insert into pokemon_tipo values (134,1);
insert into pokemon_tipo values (135,4);
insert into pokemon_tipo values (136,6);
insert into pokemon_tipo values (137,9);
insert into pokemon_tipo values (138,12);
insert into pokemon_tipo values (138,1);
insert into pokemon_tipo values (139,1);
insert into pokemon_tipo values (139,12);
insert into pokemon_tipo values (140,1);
insert into pokemon_tipo values (140,12);
insert into pokemon_tipo values (141,1);
insert into pokemon_tipo values (141,12);
insert into pokemon_tipo values (142,12);
insert into pokemon_tipo values (142,15);
insert into pokemon_tipo values (143,9);
insert into pokemon_tipo values (144,7);
insert into pokemon_tipo values (144,15);
insert into pokemon_tipo values (145,4);
insert into pokemon_tipo values (145,15);
insert into pokemon_tipo values (146,6);
insert into pokemon_tipo values (146,15);
insert into pokemon_tipo values (147,3);
insert into pokemon_tipo values (148,3);
insert into pokemon_tipo values (149,3);
insert into pokemon_tipo values (149,15);
insert into pokemon_tipo values (150,11);
insert into pokemon_tipo values (151,11);